,epochs,batch_size,acc_mean,sacc_mean
0,10,64,0.5858393880425005,0.8730569215862629
