,epochs,batch_size,acc_mean,sacc_mean
0,5,64,0.548733515499106,0.8522815903184292
