,epochs,batch_size,acc_mean,sacc_mean
0,10,64,0.5968970445954259,0.8704739338663233
