,epochs,batch_size,acc_mean,sacc_mean
0,5,64,0.5581542853789736,0.8592387086139635
