,epochs,batch_size,acc_mean,sacc_mean
0,5,64,0.553871512334306,0.854830616392026
