,epochs,batch_size,acc_mean,sacc_mean
0,10,64,0.5654178870095581,0.798394340589338
