,epochs,batch_size,acc_mean,sacc_mean
0,10,64,0.5774672820782761,0.8324172573358336
