,epochs,batch_size,acc_mean,sacc_mean
0,10,64,0.5771697295858766,0.8376001382682688
